{
  "best_model": "log_reg",
  "results": [
    {
      "model": "log_reg",
      "accuracy": 0.9913430042115114,
      "precision": 0.9320388349514563,
      "recall": 0.9874285714285714,
      "f1": 0.9589345172031076,
      "roc_auc": 0.9994004952430601
    },
    {
      "model": "grad_boost",
      "accuracy": 0.9959054749649041,
      "precision": 0.9929577464788732,
      "recall": 0.9668571428571429,
      "f1": 0.9797336421540244,
      "roc_auc": 0.9985387723185194
    },
    {
      "model": "random_forest",
      "accuracy": 0.9957884885353299,
      "precision": 1.0,
      "recall": 0.9588571428571429,
      "f1": 0.9789964994165694,
      "roc_auc": 0.997989908957197
    }
  ]
}